CLIENT_OK_UTILISATION_WEBTASK;e4e085716e37291f016ea2db7c4e13f1;CLI-00000017;DLH;1;https://drive.google.com/drive/folders/1EyCR9hpdnpONRF2bQ7SkLfSNld5pIYvm?usp=sharing;;
CLIENT_OK_UTILISATION_WEBTASK;e4e080b3758761bd01758f5fcfed03d9;CLI-00000051;CABINET PAGOS;1;https://drive.google.com/drive/folders/1PCVK5E8n8f_R2rMaStFOWjmQVRJVU91Q?usp=sharing;;
CLIENT_OK_UTILISATION_WEBTASK;e4e08cee79fb651a017a390111411694;CLI-00000055;COMPANION SPINE FRANCE;1;https://drive.google.com/drive/folders/1eCttioBsYS_IizV2e8KerPVwUh42r3dU?usp=drive_link;;
CLIENT_OK_UTILISATION_WEBTASK;e4e0871786a0a1150186c0696feb062e;CLI-00000013;COUSIN BIOTECH;1;https://drive.google.com/drive/folders/1YiYaisGUH0wO8G8vH4pJgMxZcHJVTy4A?usp=sharing;;
CLIENT_OK_UTILISATION_WEBTASK;e4e085768945c8c501894e2f01f31584;CLI-00000083;CAA AGENCEMENT;1;https://drive.google.com/drive/folders/1Aaodo_ndJ1Djjm-NfpYIyobQ33rdMfIr?usp=sharing;;
CLIENT_OK_UTILISATION_WEBTASK;e4e04a2d8a91d6b3018acb5d678765c7;CLI-00000087;FONDERIES DE BROUSSEVAL ET MONTREUIL;1;https://drive.google.com/drive/folders/127UQWi4dedCR45siNG3SuYgs6MVpZ1SV?usp=drive_link;;
CLIENT_OK_UTILISATION_WEBTASK;e4e097198c1e9063018c264f0e080583;CLI-00000088;MONOMATIC SA;1;https://drive.google.com/drive/folders/1VsmwEc9amPxRG_c27qxX9_9ukjWXYeOI;;
CLIENT_OK_UTILISATION_WEBTASK;e4e084318fb8a46b01900b7b383e5bdf;CLI-00000093;DUFLOT INDUSTRIE SA;1;https://drive.google.com/drive/folders/1X3xCr3mQ61u4aQ8v-9DN0TTsks6Y9QIY?usp=drive_link;;
CLIENT_OK_UTILISATION_WEBTASK;e4e04c3b910c113c01919e2ace957113;CLI-00000095;AMBONATI;1;https://drive.google.com/drive/folders/1V0gbk8J4Ig7zGWp8k_6u7GqSAGR8CDCk?usp=drive_link;;
CLIENT_OK_UTILISATION_WEBTASK;e4e04c3b910c113c0191e027c641764a;CLI-00000094;SACMO;1;https://drive.google.com/drive/folders/1J3WHJ5g02zTBpDBpSbW-7KksLo2Nvkaz?usp=drive_link;;
